,survived,pclass,sex,age,sibsp,parch,fare,embarked,class,who,adult_male,deck,embark_town,alive,alone
0,0,3,M,22.0,1,0,7.25,S,Third,man,True,C,Southampton,no,False
1,1,1,F,38.0,1,0,71.2833,C,First,woman,False,C,Cherbourg,yes,False
2,1,3,F,26.0,0,0,7.925,S,Third,woman,False,C,Southampton,yes,True
3,1,1,F,35.0,1,0,53.1,S,First,woman,False,C,Southampton,yes,False
4,0,3,M,35.0,0,0,8.05,S,Third,man,True,C,Southampton,no,True
5,0,3,M,28.0,0,0,8.4583,Q,Third,man,True,C,Queenstown,no,True
6,0,1,M,54.0,0,0,51.8625,S,First,man,True,E,Southampton,no,True
7,0,3,M,2.0,3,1,21.075,S,Third,child,False,C,Southampton,no,False
8,1,3,F,27.0,0,2,11.1333,S,Third,woman,False,C,Southampton,yes,False
9,1,2,F,14.0,1,0,30.0708,C,Second,child,False,C,Cherbourg,yes,False
10,1,3,F,4.0,1,1,16.7,S,Third,child,False,G,Southampton,yes,False
11,1,1,F,58.0,0,0,26.55,S,First,woman,False,C,Southampton,yes,True
12,0,3,M,20.0,0,0,8.05,S,Third,man,True,C,Southampton,no,True
13,0,3,M,39.0,1,5,31.275,S,Third,man,True,C,Southampton,no,False
14,0,3,F,14.0,0,0,7.8542,S,Third,child,False,C,Southampton,no,True
15,1,2,F,55.0,0,0,16.0,S,Second,woman,False,C,Southampton,yes,True
16,0,3,M,2.0,4,1,29.125,Q,Third,child,False,C,Queenstown,no,False
17,1,2,M,28.0,0,0,13.0,S,Second,man,True,C,Southampton,yes,True
18,0,3,F,31.0,1,0,18.0,S,Third,woman,False,C,Southampton,no,False
19,1,3,F,28.0,0,0,7.225,C,Third,woman,False,C,Cherbourg,yes,True
20,0,2,M,35.0,0,0,26.0,S,Second,man,True,C,Southampton,no,True
21,1,2,M,34.0,0,0,13.0,S,Second,man,True,D,Southampton,yes,True
22,1,3,F,15.0,0,0,8.0292,Q,Third,child,False,C,Queenstown,yes,True
23,1,1,M,28.0,0,0,35.5,S,First,man,True,A,Southampton,yes,True
24,0,3,F,8.0,3,1,21.075,S,Third,child,False,C,Southampton,no,False
25,1,3,F,38.0,1,5,31.3875,S,Third,woman,False,C,Southampton,yes,False
26,0,3,M,28.0,0,0,7.225,C,Third,man,True,C,Cherbourg,no,True
27,0,1,M,19.0,3,2,263.0,S,First,man,True,C,Southampton,no,False
28,1,3,F,28.0,0,0,7.8792,Q,Third,woman,False,C,Queenstown,yes,True
29,0,3,M,28.0,0,0,7.8958,S,Third,man,True,C,Southampton,no,True
30,0,1,M,40.0,0,0,27.7208,C,First,man,True,C,Cherbourg,no,True
31,1,1,F,28.0,1,0,146.5208,C,First,woman,False,B,Cherbourg,yes,False
32,1,3,F,28.0,0,0,7.75,Q,Third,woman,False,C,Queenstown,yes,True
33,0,2,M,66.0,0,0,10.5,S,Second,man,True,C,Southampton,no,True
34,0,1,M,28.0,1,0,82.1708,C,First,man,True,C,Cherbourg,no,False
35,0,1,M,42.0,1,0,52.0,S,First,man,True,C,Southampton,no,False
36,1,3,M,28.0,0,0,7.2292,C,Third,man,True,C,Cherbourg,yes,True
37,0,3,M,21.0,0,0,8.05,S,Third,man,True,C,Southampton,no,True
38,0,3,F,18.0,2,0,18.0,S,Third,woman,False,C,Southampton,no,False
39,1,3,F,14.0,1,0,11.2417,C,Third,child,False,C,Cherbourg,yes,False
40,0,3,F,40.0,1,0,9.475,S,Third,woman,False,C,Southampton,no,False
41,0,2,F,27.0,1,0,21.0,S,Second,woman,False,C,Southampton,no,False
42,0,3,M,28.0,0,0,7.8958,C,Third,man,True,C,Cherbourg,no,True
43,1,2,F,3.0,1,2,41.5792,C,Second,child,False,C,Cherbourg,yes,False
44,1,3,F,19.0,0,0,7.8792,Q,Third,woman,False,C,Queenstown,yes,True
45,0,3,M,28.0,0,0,8.05,S,Third,man,True,C,Southampton,no,True
46,0,3,M,28.0,1,0,15.5,Q,Third,man,True,C,Queenstown,no,False
47,0,3,M,28.0,2,0,21.6792,C,Third,man,True,C,Cherbourg,no,False
48,0,3,F,18.0,1,0,17.8,S,Third,woman,False,C,Southampton,no,False
49,0,3,M,7.0,4,1,39.6875,S,Third,child,False,C,Southampton,no,False
50,0,3,M,21.0,0,0,7.8,S,Third,man,True,C,Southampton,no,True
51,1,1,F,49.0,1,0,76.7292,C,First,woman,False,D,Cherbourg,yes,False
52,1,2,F,29.0,1,0,26.0,S,Second,woman,False,C,Southampton,yes,False
53,0,1,M,65.0,0,1,61.9792,C,First,man,True,B,Cherbourg,no,False
54,1,1,M,28.0,0,0,35.5,S,First,man,True,C,Southampton,yes,True
55,1,2,F,21.0,0,0,10.5,S,Second,woman,False,C,Southampton,yes,True
56,0,3,M,28.0,0,0,7.2292,C,Third,man,True,C,Cherbourg,no,True
57,1,2,F,5.0,1,2,27.75,S,Second,child,False,C,Southampton,yes,False
58,0,3,M,11.0,5,2,46.9,S,Third,child,False,C,Southampton,no,False
59,0,3,M,22.0,0,0,7.2292,C,Third,man,True,C,Cherbourg,no,True
60,1,1,F,38.0,0,0,80.0,S,First,woman,False,B,Southampton,yes,True
61,0,1,M,45.0,1,0,83.475,S,First,man,True,C,Southampton,no,False
62,0,3,M,4.0,3,2,27.9,S,Third,child,False,C,Southampton,no,False
63,0,1,M,28.0,0,0,27.7208,C,First,man,True,C,Cherbourg,no,True
64,1,3,M,28.0,1,1,15.2458,C,Third,man,True,C,Cherbourg,yes,False
65,1,2,F,29.0,0,0,10.5,S,Second,woman,False,F,Southampton,yes,True
66,0,3,M,19.0,0,0,8.1583,S,Third,man,True,C,Southampton,no,True
67,1,3,F,17.0,4,2,7.925,S,Third,woman,False,C,Southampton,yes,False
68,0,3,M,26.0,2,0,8.6625,S,Third,man,True,C,Southampton,no,False
69,0,2,M,32.0,0,0,10.5,S,Second,man,True,C,Southampton,no,True
70,0,3,F,16.0,5,2,46.9,S,Third,woman,False,C,Southampton,no,False
71,0,2,M,21.0,0,0,73.5,S,Second,man,True,C,Southampton,no,True
72,0,3,M,26.0,1,0,14.4542,C,Third,man,True,C,Cherbourg,no,False
73,1,3,M,32.0,0,0,56.4958,S,Third,man,True,C,Southampton,yes,True
74,0,3,M,25.0,0,0,7.65,S,Third,man,True,F,Southampton,no,True
75,1,2,M,1.0,0,2,29.0,S,Second,child,False,C,Southampton,yes,False
76,1,3,F,30.0,0,0,12.475,S,Third,woman,False,C,Southampton,yes,True
77,0,3,M,22.0,0,0,9.0,S,Third,man,True,C,Southampton,no,True
78,1,3,M,29.0,0,0,9.5,S,Third,man,True,C,Southampton,yes,True
79,1,3,F,28.0,0,0,7.7875,Q,Third,woman,False,C,Queenstown,yes,True
80,0,1,M,28.0,0,0,47.1,S,First,man,True,C,Southampton,no,True
81,1,2,F,17.0,0,0,10.5,S,Second,woman,False,C,Southampton,yes,True
82,1,3,F,33.0,3,0,15.85,S,Third,woman,False,C,Southampton,yes,False
83,0,3,M,16.0,1,3,34.375,S,Third,man,True,C,Southampton,no,False
84,1,1,F,23.0,3,2,263.0,S,First,woman,False,C,Southampton,yes,False
85,0,3,M,24.0,0,0,8.05,S,Third,man,True,C,Southampton,no,True
86,0,3,M,29.0,0,0,8.05,S,Third,man,True,C,Southampton,no,True
87,0,3,M,20.0,0,0,7.8542,S,Third,man,True,C,Southampton,no,True
88,0,1,M,46.0,1,0,61.175,S,First,man,True,E,Southampton,no,False
89,0,3,M,26.0,1,2,20.575,S,Third,man,True,C,Southampton,no,False
90,0,3,M,59.0,0,0,7.25,S,Third,man,True,C,Southampton,no,True
91,0,1,M,71.0,0,0,34.6542,C,First,man,True,A,Cherbourg,no,True
92,1,1,M,23.0,0,1,63.3583,C,First,man,True,D,Cherbourg,yes,False
93,1,2,F,34.0,0,1,23.0,S,Second,woman,False,C,Southampton,yes,False
94,0,2,M,34.0,1,0,26.0,S,Second,man,True,C,Southampton,no,False
95,0,3,F,28.0,0,0,7.8958,S,Third,woman,False,C,Southampton,no,True
96,0,1,M,21.0,0,1,77.2875,S,First,man,True,D,Southampton,no,False
97,0,3,M,33.0,0,0,8.6542,S,Third,man,True,C,Southampton,no,True
98,0,3,M,37.0,2,0,7.925,S,Third,man,True,C,Southampton,no,False
99,1,3,F,21.0,0,0,7.65,S,Third,woman,False,C,Southampton,yes,True
100,1,3,M,28.0,0,0,7.775,S,Third,man,True,C,Southampton,yes,True
101,0,3,M,38.0,0,0,7.8958,S,Third,man,True,C,Southampton,no,True
102,1,3,F,28.0,1,0,24.15,Q,Third,woman,False,C,Queenstown,yes,False
103,0,1,M,47.0,0,0,52.0,S,First,man,True,C,Southampton,no,True
104,0,3,F,14.0,1,0,14.4542,C,Third,child,False,C,Cherbourg,no,False
105,0,3,M,22.0,0,0,8.05,S,Third,man,True,C,Southampton,no,True
106,0,3,F,20.0,1,0,9.825,S,Third,woman,False,C,Southampton,no,False
107,0,3,F,17.0,0,0,14.4583,C,Third,woman,False,C,Cherbourg,no,True
108,0,3,M,21.0,0,0,7.925,S,Third,man,True,C,Southampton,no,True
109,0,3,M,70.0,0,0,7.75,Q,Third,man,True,C,Queenstown,no,True
110,0,2,M,29.0,1,0,21.0,S,Second,man,True,C,Southampton,no,False
111,0,1,M,24.0,0,1,247.5208,C,First,man,True,B,Cherbourg,no,False
112,0,3,F,2.0,4,2,31.275,S,Third,child,False,C,Southampton,no,False
113,0,2,M,21.0,2,0,73.5,S,Second,man,True,C,Southampton,no,False
114,0,2,M,32.0,1,0,30.0708,C,Second,man,True,C,Cherbourg,no,False
115,1,2,F,32.0,0,0,13.0,S,Second,woman,False,E,Southampton,yes,True
116,0,1,M,54.0,0,1,77.2875,S,First,man,True,D,Southampton,no,False
117,1,3,M,12.0,1,0,11.2417,C,Third,child,False,C,Cherbourg,yes,False
118,0,3,M,28.0,0,0,7.75,Q,Third,man,True,C,Queenstown,no,True
119,1,3,M,24.0,0,0,7.1417,S,Third,man,True,C,Southampton,yes,True
120,1,3,F,28.0,1,1,22.3583,C,Third,woman,False,F,Cherbourg,yes,False
121,0,3,M,45.0,0,0,6.975,S,Third,man,True,C,Southampton,no,True
122,0,3,M,33.0,0,0,7.8958,C,Third,man,True,C,Cherbourg,no,True
123,0,3,M,20.0,0,0,7.05,S,Third,man,True,C,Southampton,no,True
124,0,3,F,47.0,1,0,14.5,S,Third,woman,False,C,Southampton,no,False
125,0,2,M,25.0,0,0,13.0,S,Second,man,True,C,Southampton,no,True
126,0,2,M,23.0,0,0,15.0458,C,Second,man,True,C,Cherbourg,no,True
127,1,1,F,19.0,0,2,26.2833,S,First,woman,False,D,Southampton,yes,False
128,0,1,M,37.0,1,0,53.1,S,First,man,True,C,Southampton,no,False
129,0,3,M,16.0,0,0,9.2167,S,Third,man,True,C,Southampton,no,True
130,0,1,M,24.0,0,0,79.2,C,First,man,True,B,Cherbourg,no,True
131,0,3,F,28.0,0,2,15.2458,C,Third,woman,False,C,Cherbourg,no,False
132,1,3,F,22.0,0,0,7.75,S,Third,woman,False,C,Southampton,yes,True
133,1,3,F,24.0,1,0,15.85,S,Third,woman,False,C,Southampton,yes,False
134,0,3,M,19.0,0,0,6.75,Q,Third,man,True,C,Queenstown,no,True
135,0,2,M,18.0,0,0,11.5,S,Second,man,True,C,Southampton,no,True
136,0,2,M,19.0,1,1,36.75,S,Second,man,True,C,Southampton,no,False
137,1,3,M,27.0,0,0,7.7958,S,Third,man,True,C,Southampton,yes,True
138,0,3,F,9.0,2,2,34.375,S,Third,child,False,C,Southampton,no,False
139,0,2,M,36.0,0,2,26.0,S,Second,man,True,F,Southampton,no,False
140,0,2,M,42.0,0,0,13.0,S,Second,man,True,C,Southampton,no,True
141,0,2,M,51.0,0,0,12.525,S,Second,man,True,C,Southampton,no,True
142,1,1,F,22.0,1,0,66.6,S,First,woman,False,C,Southampton,yes,False
143,0,3,M,56.0,0,0,8.05,S,Third,man,True,C,Southampton,no,True
144,0,3,M,40.0,0,2,14.5,S,Third,man,True,C,Southampton,no,False
145,0,3,M,28.0,0,0,7.3125,S,Third,man,True,C,Southampton,no,True
146,0,1,M,51.0,0,1,61.3792,C,First,man,True,C,Cherbourg,no,False
147,1,3,F,16.0,0,0,7.7333,Q,Third,woman,False,C,Queenstown,yes,True
148,0,3,M,30.0,0,0,8.05,S,Third,man,True,C,Southampton,no,True
149,0,3,M,28.0,0,0,8.6625,S,Third,man,True,C,Southampton,no,True
150,0,3,M,28.0,8,2,69.55,S,Third,man,True,C,Southampton,no,False
151,0,3,M,44.0,0,1,16.1,S,Third,man,True,C,Southampton,no,False
152,1,2,F,40.0,0,0,15.75,S,Second,woman,False,C,Southampton,yes,True
153,0,3,M,26.0,0,0,7.775,S,Third,man,True,C,Southampton,no,True
154,0,3,M,17.0,0,0,8.6625,S,Third,man,True,C,Southampton,no,True
155,0,3,M,1.0,4,1,39.6875,S,Third,child,False,C,Southampton,no,False
156,1,3,M,9.0,0,2,20.525,S,Third,child,False,C,Southampton,yes,False
157,1,1,F,28.0,0,1,55.0,S,First,woman,False,E,Southampton,yes,False
158,0,3,F,45.0,1,4,27.9,S,Third,woman,False,C,Southampton,no,False
159,0,1,M,28.0,0,0,25.925,S,First,man,True,C,Southampton,no,True
160,0,3,M,28.0,0,0,56.4958,S,Third,man,True,C,Southampton,no,True
161,0,1,M,61.0,0,0,33.5,S,First,man,True,B,Southampton,no,True
162,0,3,M,4.0,4,1,29.125,Q,Third,child,False,C,Queenstown,no,False
163,1,3,F,1.0,1,1,11.1333,S,Third,child,False,C,Southampton,yes,False
164,0,1,M,56.0,0,0,30.6958,C,First,man,True,A,Cherbourg,no,True
165,0,3,M,18.0,1,1,7.8542,S,Third,man,True,C,Southampton,no,False
166,0,3,M,28.0,3,1,25.4667,S,Third,man,True,C,Southampton,no,False
167,0,1,F,50.0,0,0,28.7125,C,First,woman,False,C,Cherbourg,no,True
168,0,2,M,30.0,0,0,13.0,S,Second,man,True,C,Southampton,no,True
169,0,3,M,36.0,0,0,0.0,S,Third,man,True,C,Southampton,no,True
170,0,3,F,28.0,8,2,69.55,S,Third,woman,False,C,Southampton,no,False
171,0,2,M,28.0,0,0,15.05,C,Second,man,True,C,Cherbourg,no,True
172,0,3,M,9.0,4,2,31.3875,S,Third,child,False,C,Southampton,no,False
173,1,2,M,1.0,2,1,39.0,S,Second,child,False,F,Southampton,yes,False
174,1,3,F,4.0,0,2,22.025,S,Third,child,False,C,Southampton,yes,False
175,0,1,M,28.0,0,0,50.0,S,First,man,True,A,Southampton,no,True
176,1,3,F,28.0,1,0,15.5,Q,Third,woman,False,C,Queenstown,yes,False
177,1,1,M,45.0,0,0,26.55,S,First,man,True,C,Southampton,yes,True
178,0,3,M,40.0,1,1,15.5,Q,Third,man,True,C,Queenstown,no,False
179,0,3,M,36.0,0,0,7.8958,S,Third,man,True,C,Southampton,no,True
180,1,2,F,32.0,0,0,13.0,S,Second,woman,False,C,Southampton,yes,True
181,0,2,M,19.0,0,0,13.0,S,Second,man,True,C,Southampton,no,True
182,1,3,F,19.0,1,0,7.8542,S,Third,woman,False,C,Southampton,yes,False
183,1,2,M,3.0,1,1,26.0,S,Second,child,False,F,Southampton,yes,False
184,1,1,F,44.0,0,0,27.7208,C,First,woman,False,B,Cherbourg,yes,True
185,1,1,F,58.0,0,0,146.5208,C,First,woman,False,B,Cherbourg,yes,True
186,0,3,M,42.0,0,1,8.4042,S,Third,man,True,C,Southampton,no,False
187,0,2,F,24.0,0,0,13.0,S,Second,woman,False,C,Southampton,no,True
188,0,3,M,28.0,0,0,9.5,S,Third,man,True,C,Southampton,no,True
189,0,3,M,34.0,0,0,6.4958,S,Third,man,True,C,Southampton,no,True
190,0,3,M,46.0,0,0,7.225,C,Third,man,True,C,Cherbourg,no,True
191,1,3,M,18.0,0,0,8.05,S,Third,man,True,C,Southampton,yes,True
192,0,3,F,2.0,0,1,10.4625,S,Third,child,False,G,Southampton,no,False
193,0,3,M,32.0,1,0,15.85,S,Third,man,True,C,Southampton,no,False
194,1,3,M,26.0,0,0,18.7875,C,Third,man,True,C,Cherbourg,yes,True
195,1,3,F,16.0,0,0,7.75,Q,Third,woman,False,C,Queenstown,yes,True
196,1,1,M,40.0,0,0,31.0,C,First,man,True,A,Cherbourg,yes,True
197,0,3,M,24.0,0,0,7.05,S,Third,man,True,C,Southampton,no,True
198,1,2,F,35.0,0,0,21.0,S,Second,woman,False,C,Southampton,yes,True
199,0,3,M,22.0,0,0,7.25,S,Third,man,True,C,Southampton,no,True
200,0,3,M,28.0,1,0,7.75,Q,Third,man,True,C,Queenstown,no,False
201,1,1,F,31.0,1,0,113.275,C,First,woman,False,D,Cherbourg,yes,False
202,1,3,F,27.0,0,0,7.925,S,Third,woman,False,C,Southampton,yes,True
203,0,2,M,42.0,1,0,27.0,S,Second,man,True,C,Southampton,no,False
204,1,1,F,32.0,0,0,76.2917,C,First,woman,False,D,Cherbourg,yes,True
205,0,2,M,30.0,0,0,10.5,S,Second,man,True,C,Southampton,no,True
206,1,3,M,16.0,0,0,8.05,S,Third,man,True,C,Southampton,yes,True
207,0,2,M,27.0,0,0,13.0,S,Second,man,True,C,Southampton,no,True
208,0,3,M,51.0,0,0,8.05,S,Third,man,True,C,Southampton,no,True
209,1,1,M,38.0,1,0,90.0,S,First,man,True,C,Southampton,yes,False
210,0,3,M,22.0,0,0,9.35,S,Third,man,True,C,Southampton,no,True
211,1,2,M,19.0,0,0,10.5,S,Second,man,True,C,Southampton,yes,True
212,0,3,M,20.0,0,0,7.25,S,Third,man,True,C,Southampton,no,True
213,0,2,M,18.0,0,0,13.0,S,Second,man,True,C,Southampton,no,True
214,0,3,F,28.0,3,1,25.4667,S,Third,woman,False,C,Southampton,no,False
215,1,1,F,35.0,1,0,83.475,S,First,woman,False,C,Southampton,yes,False
216,0,3,M,29.0,0,0,7.775,S,Third,man,True,C,Southampton,no,True
217,0,2,M,59.0,0,0,13.5,S,Second,man,True,C,Southampton,no,True
218,1,3,F,5.0,4,2,31.3875,S,Third,child,False,C,Southampton,yes,False
219,0,2,M,24.0,0,0,10.5,S,Second,man,True,C,Southampton,no,True
220,0,3,F,28.0,0,0,7.55,S,Third,woman,False,C,Southampton,no,True
221,0,2,M,44.0,1,0,26.0,S,Second,man,True,C,Southampton,no,False
222,1,2,F,8.0,0,2,26.25,S,Second,child,False,C,Southampton,yes,False
223,0,2,M,19.0,0,0,10.5,S,Second,man,True,C,Southampton,no,True
224,0,2,M,33.0,0,0,12.275,S,Second,man,True,C,Southampton,no,True
225,0,3,F,28.0,1,0,14.4542,C,Third,woman,False,C,Cherbourg,no,False
226,0,2,M,29.0,0,0,10.5,S,Second,man,True,C,Southampton,no,True
227,0,3,M,22.0,0,0,7.125,S,Third,man,True,C,Southampton,no,True
228,0,3,M,30.0,0,0,7.225,C,Third,man,True,C,Cherbourg,no,True
229,0,1,M,44.0,2,0,90.0,Q,First,man,True,C,Queenstown,no,False
230,0,3,F,25.0,0,0,7.775,S,Third,woman,False,C,Southampton,no,True
231,1,2,F,24.0,0,2,14.5,S,Second,woman,False,C,Southampton,yes,False
232,1,1,M,37.0,1,1,52.5542,S,First,man,True,D,Southampton,yes,False
233,0,2,M,54.0,1,0,26.0,S,Second,man,True,C,Southampton,no,False
234,0,3,M,28.0,0,0,7.25,S,Third,man,True,C,Southampton,no,True
235,0,3,F,29.0,1,1,10.4625,S,Third,woman,False,G,Southampton,no,False
236,0,1,M,62.0,0,0,26.55,S,First,man,True,C,Southampton,no,True
237,0,3,M,30.0,1,0,16.1,S,Third,man,True,C,Southampton,no,False
238,0,3,F,41.0,0,2,20.2125,S,Third,woman,False,C,Southampton,no,False
239,1,3,F,29.0,0,2,15.2458,C,Third,woman,False,C,Cherbourg,yes,False
240,1,1,F,28.0,0,0,79.2,C,First,woman,False,C,Cherbourg,yes,True
241,1,1,F,30.0,0,0,86.5,S,First,woman,False,B,Southampton,yes,True
242,1,1,F,35.0,0,0,512.3292,C,First,woman,False,C,Cherbourg,yes,True
243,1,2,F,50.0,0,1,26.0,S,Second,woman,False,C,Southampton,yes,False
244,1,3,M,3.0,4,2,31.3875,S,Third,child,False,C,Southampton,yes,False
245,0,1,M,52.0,1,1,79.65,S,First,man,True,E,Southampton,no,False
246,0,1,M,40.0,0,0,0.0,S,First,man,True,B,Southampton,no,True
247,0,3,F,28.0,0,0,7.75,Q,Third,woman,False,C,Queenstown,no,True
248,0,2,M,36.0,0,0,10.5,S,Second,man,True,C,Southampton,no,True
249,0,3,M,16.0,4,1,39.6875,S,Third,man,True,C,Southampton,no,False
250,1,3,M,25.0,1,0,7.775,S,Third,man,True,C,Southampton,yes,False
251,1,1,F,58.0,0,1,153.4625,S,First,woman,False,C,Southampton,yes,False
252,1,1,F,35.0,0,0,135.6333,S,First,woman,False,C,Southampton,yes,True
253,0,1,M,28.0,0,0,31.0,S,First,man,True,C,Southampton,no,True
254,1,3,M,25.0,0,0,0.0,S,Third,man,True,C,Southampton,yes,True
255,1,2,F,41.0,0,1,19.5,S,Second,woman,False,C,Southampton,yes,False
256,0,1,M,37.0,0,1,29.7,C,First,man,True,C,Cherbourg,no,False
257,1,1,F,63.0,1,0,77.9583,S,First,woman,False,D,Southampton,yes,False
258,0,3,F,45.0,0,0,7.75,S,Third,woman,False,C,Southampton,no,True
259,0,2,M,28.0,0,0,0.0,S,Second,man,True,C,Southampton,no,True
260,0,3,M,7.0,4,1,29.125,Q,Third,child,False,C,Queenstown,no,False
261,1,3,F,35.0,1,1,20.25,S,Third,woman,False,C,Southampton,yes,False
262,0,3,M,65.0,0,0,7.75,Q,Third,man,True,C,Queenstown,no,True
263,0,3,M,28.0,0,0,7.8542,S,Third,man,True,C,Southampton,no,True
264,0,3,M,16.0,0,0,9.5,S,Third,man,True,C,Southampton,no,True
265,1,3,M,19.0,0,0,8.05,S,Third,man,True,C,Southampton,yes,True
266,0,1,M,28.0,0,0,26.0,S,First,man,True,A,Southampton,no,True
267,0,3,M,33.0,0,0,8.6625,C,Third,man,True,C,Cherbourg,no,True
268,1,3,M,30.0,0,0,9.5,S,Third,man,True,C,Southampton,yes,True
269,0,3,M,22.0,0,0,7.8958,S,Third,man,True,C,Southampton,no,True
270,1,2,M,42.0,0,0,13.0,S,Second,man,True,C,Southampton,yes,True
271,1,3,F,22.0,0,0,7.75,Q,Third,woman,False,C,Queenstown,yes,True
272,1,1,F,26.0,0,0,78.85,S,First,woman,False,C,Southampton,yes,True
273,1,1,F,19.0,1,0,91.0792,C,First,woman,False,B,Cherbourg,yes,False
274,0,2,M,36.0,0,0,12.875,C,Second,man,True,D,Cherbourg,no,True
275,0,3,F,24.0,0,0,8.85,S,Third,woman,False,C,Southampton,no,True
276,0,3,M,24.0,0,0,7.8958,S,Third,man,True,C,Southampton,no,True
277,0,3,M,24.0,0,0,7.2292,C,Third,man,True,C,Cherbourg,no,True
278,0,1,F,2.0,1,2,151.55,S,First,child,False,C,Southampton,no,False
279,1,1,M,28.0,0,0,30.5,S,First,man,True,C,Southampton,yes,True
280,1,1,F,50.0,0,1,247.5208,C,First,woman,False,B,Cherbourg,yes,False
281,1,3,M,28.0,2,0,23.25,Q,Third,man,True,C,Queenstown,yes,False
282,0,3,M,19.0,0,0,0.0,S,Third,man,True,C,Southampton,no,True
283,1,2,F,28.0,0,0,12.35,Q,Second,woman,False,E,Queenstown,yes,True
284,1,1,M,1.0,1,2,151.55,S,First,child,False,C,Southampton,yes,False
285,1,1,F,28.0,0,0,110.8833,C,First,woman,False,C,Cherbourg,yes,True
286,1,1,F,17.0,1,0,108.9,C,First,woman,False,C,Cherbourg,yes,False
287,0,2,M,30.0,1,0,24.0,C,Second,man,True,C,Cherbourg,no,False
288,1,1,F,30.0,0,0,56.9292,C,First,woman,False,E,Cherbourg,yes,True
289,1,1,F,24.0,0,0,83.1583,C,First,woman,False,C,Cherbourg,yes,True
290,1,1,F,18.0,2,2,262.375,C,First,woman,False,B,Cherbourg,yes,False
291,0,2,F,26.0,1,1,26.0,S,Second,woman,False,C,Southampton,no,False
292,0,2,M,43.0,1,1,26.25,S,Second,man,True,C,Southampton,no,False
293,1,3,F,26.0,0,0,7.8542,S,Third,woman,False,C,Southampton,yes,True
294,1,2,F,24.0,1,0,26.0,S,Second,woman,False,C,Southampton,yes,False
295,0,2,M,54.0,0,0,14.0,S,Second,man,True,C,Southampton,no,True
296,1,1,F,31.0,0,2,164.8667,S,First,woman,False,C,Southampton,yes,False
297,1,1,F,40.0,1,1,134.5,C,First,woman,False,E,Cherbourg,yes,False
298,0,3,M,27.0,0,0,7.8958,S,Third,man,True,C,Southampton,no,True
299,1,2,F,30.0,0,0,12.35,Q,Second,woman,False,C,Queenstown,yes,True
300,1,2,F,22.0,1,1,29.0,S,Second,woman,False,C,Southampton,yes,False
301,1,1,F,36.0,0,0,135.6333,C,First,woman,False,C,Cherbourg,yes,True
302,0,3,M,61.0,0,0,6.2375,S,Third,man,True,C,Southampton,no,True
303,1,2,F,36.0,0,0,13.0,S,Second,woman,False,D,Southampton,yes,True
304,1,3,F,31.0,1,1,20.525,S,Third,woman,False,C,Southampton,yes,False
305,1,1,F,16.0,0,1,57.9792,C,First,woman,False,B,Cherbourg,yes,False
306,1,3,F,28.0,2,0,23.25,Q,Third,woman,False,C,Queenstown,yes,False
307,0,1,M,46.0,0,0,28.5,S,First,man,True,C,Southampton,no,True
308,0,1,M,38.0,0,1,153.4625,S,First,man,True,C,Southampton,no,False
309,0,3,M,16.0,2,0,18.0,S,Third,man,True,C,Southampton,no,False
310,1,1,F,28.0,1,0,133.65,S,First,woman,False,C,Southampton,yes,False
311,0,1,M,29.0,1,0,66.6,S,First,man,True,C,Southampton,no,False
312,1,1,F,41.0,0,0,134.5,C,First,woman,False,E,Cherbourg,yes,True
313,1,3,M,45.0,0,0,8.05,S,Third,man,True,C,Southampton,yes,True
314,0,1,M,45.0,0,0,35.5,S,First,man,True,C,Southampton,no,True
315,1,2,M,2.0,1,1,26.0,S,Second,child,False,F,Southampton,yes,False
316,1,1,F,24.0,3,2,263.0,S,First,woman,False,C,Southampton,yes,False
317,0,2,M,28.0,0,0,13.0,S,Second,man,True,C,Southampton,no,True
318,0,2,M,36.0,0,0,13.0,S,Second,man,True,C,Southampton,no,True
319,1,2,F,24.0,0,0,13.0,S,Second,woman,False,F,Southampton,yes,True
320,1,2,F,40.0,0,0,13.0,S,Second,woman,False,C,Southampton,yes,True
321,1,3,F,28.0,1,0,16.1,S,Third,woman,False,C,Southampton,yes,False
322,1,3,M,3.0,1,1,15.9,S,Third,child,False,C,Southampton,yes,False
323,0,3,M,42.0,0,0,8.6625,S,Third,man,True,C,Southampton,no,True
324,0,3,M,23.0,0,0,9.225,S,Third,man,True,C,Southampton,no,True
325,0,1,M,28.0,0,0,35.0,S,First,man,True,C,Southampton,no,True
326,0,3,M,15.0,1,1,7.2292,C,Third,child,False,C,Cherbourg,no,False
327,0,3,M,25.0,1,0,17.8,S,Third,man,True,C,Southampton,no,False
328,1,1,F,22.0,0,1,55.0,S,First,woman,False,E,Southampton,yes,False
329,0,2,F,38.0,0,0,13.0,S,Second,woman,False,C,Southampton,no,True
330,0,3,M,40.0,1,4,27.9,S,Third,man,True,C,Southampton,no,False
331,0,2,M,29.0,1,0,27.7208,C,Second,man,True,C,Cherbourg,no,False
332,0,3,F,45.0,0,1,14.4542,C,Third,woman,False,C,Cherbourg,no,False
333,0,3,M,35.0,0,0,7.05,S,Third,man,True,C,Southampton,no,True
334,0,3,M,30.0,0,0,7.25,S,Third,man,True,C,Southampton,no,True
335,1,1,F,60.0,1,0,75.25,C,First,woman,False,D,Cherbourg,yes,False
336,1,3,F,28.0,0,0,7.2292,C,Third,woman,False,C,Cherbourg,yes,True
337,1,1,F,24.0,0,0,69.3,C,First,woman,False,B,Cherbourg,yes,True
338,1,1,M,25.0,1,0,55.4417,C,First,man,True,E,Cherbourg,yes,False
339,0,3,M,18.0,1,0,6.4958,S,Third,man,True,C,Southampton,no,False
340,0,3,M,19.0,0,0,8.05,S,Third,man,True,C,Southampton,no,True
341,0,1,M,22.0,0,0,135.6333,C,First,man,True,C,Cherbourg,no,True
342,0,3,F,3.0,3,1,21.075,S,Third,child,False,C,Southampton,no,False
343,1,1,F,28.0,1,0,82.1708,C,First,woman,False,C,Cherbourg,yes,False
344,1,3,F,22.0,0,0,7.25,S,Third,woman,False,C,Southampton,yes,True
345,0,1,M,27.0,0,2,211.5,C,First,man,True,C,Cherbourg,no,False
346,0,3,M,20.0,0,0,4.0125,C,Third,man,True,C,Cherbourg,no,True
347,0,3,M,19.0,0,0,7.775,S,Third,man,True,C,Southampton,no,True
348,1,1,F,42.0,0,0,227.525,C,First,woman,False,C,Cherbourg,yes,True
349,1,3,F,1.0,0,2,15.7417,C,Third,child,False,C,Cherbourg,yes,False
350,0,3,M,32.0,0,0,7.925,S,Third,man,True,C,Southampton,no,True
351,1,1,F,35.0,1,0,52.0,S,First,woman,False,C,Southampton,yes,False
352,0,2,M,18.0,0,0,73.5,S,Second,man,True,C,Southampton,no,True
353,0,3,M,1.0,5,2,46.9,S,Third,child,False,C,Southampton,no,False
354,1,2,F,36.0,0,0,13.0,S,Second,woman,False,C,Southampton,yes,True
355,0,3,M,28.0,0,0,7.7292,Q,Third,man,True,C,Queenstown,no,True
356,1,2,F,17.0,0,0,12.0,C,Second,woman,False,C,Cherbourg,yes,True
357,1,1,M,36.0,1,2,120.0,S,First,man,True,B,Southampton,yes,False
358,1,3,M,21.0,0,0,7.7958,S,Third,man,True,C,Southampton,yes,True
359,0,3,M,28.0,2,0,7.925,S,Third,man,True,C,Southampton,no,False
360,1,1,F,23.0,1,0,113.275,C,First,woman,False,D,Cherbourg,yes,False
361,1,3,F,24.0,0,2,16.7,S,Third,woman,False,G,Southampton,yes,False
362,0,3,M,22.0,0,0,7.7958,S,Third,man,True,C,Southampton,no,True
363,0,3,F,31.0,0,0,7.8542,S,Third,woman,False,C,Southampton,no,True
364,0,2,M,46.0,0,0,26.0,S,Second,man,True,C,Southampton,no,True
365,0,2,M,23.0,0,0,10.5,S,Second,man,True,C,Southampton,no,True
366,1,2,F,28.0,0,0,12.65,S,Second,woman,False,C,Southampton,yes,True
367,1,3,M,39.0,0,0,7.925,S,Third,man,True,C,Southampton,yes,True
368,0,3,M,26.0,0,0,8.05,S,Third,man,True,C,Southampton,no,True
369,0,3,F,21.0,1,0,9.825,S,Third,woman,False,C,Southampton,no,False
370,0,3,M,28.0,1,0,15.85,S,Third,man,True,C,Southampton,no,False
371,0,3,F,20.0,0,0,8.6625,S,Third,woman,False,C,Southampton,no,True
372,0,2,M,34.0,1,0,21.0,S,Second,man,True,C,Southampton,no,False
373,0,3,M,51.0,0,0,7.75,S,Third,man,True,C,Southampton,no,True
374,1,2,M,3.0,1,1,18.75,S,Second,child,False,C,Southampton,yes,False
375,0,3,M,21.0,0,0,7.775,S,Third,man,True,C,Southampton,no,True
376,0,3,M,28.0,0,0,6.8583,Q,Third,man,True,C,Queenstown,no,True
377,1,1,F,33.0,1,0,90.0,Q,First,woman,False,C,Queenstown,yes,False
378,1,3,M,44.0,0,0,7.925,S,Third,man,True,C,Southampton,yes,True
379,0,3,F,28.0,0,0,8.05,S,Third,woman,False,C,Southampton,no,True
380,1,2,F,34.0,1,1,32.5,S,Second,woman,False,C,Southampton,yes,False
381,1,2,F,18.0,0,2,13.0,S,Second,woman,False,C,Southampton,yes,False
382,0,3,F,10.0,0,2,24.15,S,Third,child,False,C,Southampton,no,False
383,0,3,M,21.0,0,0,7.7333,Q,Third,man,True,C,Queenstown,no,True
384,0,3,M,29.0,0,0,7.875,S,Third,man,True,C,Southampton,no,True
385,0,3,F,28.0,1,1,14.4,S,Third,woman,False,C,Southampton,no,False
386,0,3,M,18.0,1,1,20.2125,S,Third,man,True,C,Southampton,no,False
387,1,2,F,28.0,1,0,26.0,S,Second,woman,False,C,Southampton,yes,False
388,1,2,F,19.0,0,0,26.0,S,Second,woman,False,C,Southampton,yes,True
389,1,3,M,32.0,0,0,8.05,S,Third,man,True,E,Southampton,yes,True
390,1,1,M,28.0,0,0,26.55,S,First,man,True,C,Southampton,yes,True
391,1,2,F,42.0,1,0,26.0,S,Second,woman,False,C,Southampton,yes,False
392,0,3,M,17.0,0,0,7.125,S,Third,man,True,C,Southampton,no,True
393,0,1,M,50.0,1,0,55.9,S,First,man,True,E,Southampton,no,False
394,1,1,F,14.0,1,2,120.0,S,First,child,False,B,Southampton,yes,False
395,0,3,F,21.0,2,2,34.375,S,Third,woman,False,C,Southampton,no,False
396,1,2,F,24.0,2,3,18.75,S,Second,woman,False,C,Southampton,yes,False
397,0,1,M,64.0,1,4,263.0,S,First,man,True,C,Southampton,no,False
398,0,2,M,31.0,0,0,10.5,S,Second,man,True,C,Southampton,no,True
399,1,2,F,45.0,1,1,26.25,S,Second,woman,False,C,Southampton,yes,False
400,0,3,M,20.0,0,0,9.5,S,Third,man,True,C,Southampton,no,True
401,0,3,M,25.0,1,0,7.775,S,Third,man,True,C,Southampton,no,False
402,1,2,F,28.0,0,0,13.0,S,Second,woman,False,C,Southampton,yes,True
403,1,3,M,28.0,0,0,8.1125,S,Third,man,True,C,Southampton,yes,True
404,1,1,M,4.0,0,2,81.8583,S,First,child,False,A,Southampton,yes,False
405,1,2,F,13.0,0,1,19.5,S,Second,child,False,C,Southampton,yes,False
406,1,1,M,34.0,0,0,26.55,S,First,man,True,C,Southampton,yes,True
407,1,3,F,5.0,2,1,19.2583,C,Third,child,False,C,Cherbourg,yes,False
408,1,1,M,52.0,0,0,30.5,S,First,man,True,C,Southampton,yes,True
409,0,2,M,36.0,1,2,27.75,S,Second,man,True,C,Southampton,no,False
410,0,3,M,28.0,1,0,19.9667,S,Third,man,True,C,Southampton,no,False
411,0,1,M,30.0,0,0,27.75,C,First,man,True,C,Cherbourg,no,True
412,1,1,M,49.0,1,0,89.1042,C,First,man,True,C,Cherbourg,yes,False
413,1,3,M,29.0,0,0,7.8958,C,Third,man,True,C,Cherbourg,yes,True
414,0,1,M,65.0,0,0,26.55,S,First,man,True,E,Southampton,no,True
415,1,1,F,28.0,1,0,51.8625,S,First,woman,False,D,Southampton,yes,False
416,1,2,F,50.0,0,0,10.5,S,Second,woman,False,C,Southampton,yes,True
417,1,1,M,48.0,0,0,26.55,S,First,man,True,E,Southampton,yes,True
418,0,3,M,34.0,0,0,8.05,S,Third,man,True,C,Southampton,no,True
419,0,1,M,47.0,0,0,38.5,S,First,man,True,E,Southampton,no,True
420,0,2,M,48.0,0,0,13.0,S,Second,man,True,C,Southampton,no,True
421,0,3,M,38.0,0,0,7.05,S,Third,man,True,C,Southampton,no,True
422,0,1,M,56.0,0,0,26.55,S,First,man,True,C,Southampton,no,True
423,0,3,M,28.0,0,0,7.725,Q,Third,man,True,C,Queenstown,no,True
424,1,3,F,1.0,2,1,19.2583,C,Third,child,False,C,Cherbourg,yes,False
425,0,3,M,38.0,0,0,8.6625,S,Third,man,True,C,Southampton,no,True
426,1,2,F,33.0,1,2,27.75,S,Second,woman,False,C,Southampton,yes,False
427,1,2,F,23.0,0,0,13.7917,C,Second,woman,False,D,Cherbourg,yes,True
428,0,3,F,22.0,0,0,9.8375,S,Third,woman,False,C,Southampton,no,True
429,0,1,M,28.0,0,0,52.0,S,First,man,True,A,Southampton,no,True
430,0,3,M,29.0,1,0,7.0458,S,Third,man,True,C,Southampton,no,False
431,0,3,M,22.0,0,0,7.5208,S,Third,man,True,C,Southampton,no,True
432,1,3,F,2.0,0,1,12.2875,S,Third,child,False,C,Southampton,yes,False
433,0,3,M,9.0,5,2,46.9,S,Third,child,False,C,Southampton,no,False
434,0,3,M,50.0,0,0,8.05,S,Third,man,True,C,Southampton,no,True
435,1,3,F,63.0,0,0,9.5875,S,Third,woman,False,C,Southampton,yes,True
436,1,1,M,25.0,1,0,91.0792,C,First,man,True,B,Cherbourg,yes,False
437,1,1,F,35.0,1,0,90.0,S,First,woman,False,C,Southampton,yes,False
438,0,1,M,58.0,0,0,29.7,C,First,man,True,B,Cherbourg,no,True
439,1,3,M,9.0,1,1,15.9,S,Third,child,False,C,Southampton,yes,False
440,0,3,M,21.0,0,0,7.25,S,Third,man,True,C,Southampton,no,True
441,0,1,M,55.0,0,0,30.5,S,First,man,True,C,Southampton,no,True
442,0,1,M,71.0,0,0,49.5042,C,First,man,True,C,Cherbourg,no,True
443,0,3,M,28.0,0,0,14.4583,C,Third,man,True,C,Cherbourg,no,True
444,1,1,F,54.0,1,0,78.2667,C,First,woman,False,D,Cherbourg,yes,False
445,0,3,M,28.0,0,0,15.1,S,Third,man,True,C,Southampton,no,True
446,0,1,F,25.0,1,2,151.55,S,First,woman,False,C,Southampton,no,False
447,0,3,M,24.0,0,0,7.7958,S,Third,man,True,C,Southampton,no,True
448,0,3,F,21.0,0,0,7.75,Q,Third,woman,False,C,Queenstown,no,True
449,0,3,F,28.0,0,0,7.6292,Q,Third,woman,False,C,Queenstown,no,True
450,0,3,F,37.0,0,0,9.5875,S,Third,woman,False,C,Southampton,no,True
451,1,1,F,16.0,0,0,86.5,S,First,woman,False,B,Southampton,yes,True
452,0,1,M,18.0,1,0,108.9,C,First,man,True,C,Cherbourg,no,False
453,1,2,F,33.0,0,2,26.0,S,Second,woman,False,C,Southampton,yes,False
454,0,3,M,28.0,0,0,22.525,S,Third,man,True,C,Southampton,no,True
455,1,3,M,26.0,0,0,56.4958,S,Third,man,True,C,Southampton,yes,True
456,1,3,M,29.0,0,0,7.75,Q,Third,man,True,C,Queenstown,yes,True
457,1,1,M,36.0,0,0,26.2875,S,First,man,True,E,Southampton,yes,True
458,1,1,F,54.0,1,0,59.4,C,First,woman,False,C,Cherbourg,yes,False
459,0,3,M,24.0,0,0,7.4958,S,Third,man,True,C,Southampton,no,True
460,0,1,M,47.0,0,0,34.0208,S,First,man,True,D,Southampton,no,True
461,1,2,F,34.0,0,0,10.5,S,Second,woman,False,F,Southampton,yes,True
462,0,3,M,28.0,0,0,24.15,Q,Third,man,True,C,Queenstown,no,True
463,1,2,F,36.0,1,0,26.0,S,Second,woman,False,C,Southampton,yes,False
464,0,3,M,32.0,0,0,7.8958,S,Third,man,True,C,Southampton,no,True
465,1,1,F,30.0,0,0,93.5,S,First,woman,False,B,Southampton,yes,True
466,1,1,F,44.0,0,1,57.9792,C,First,woman,False,B,Cherbourg,yes,False
467,0,3,M,40.0,0,0,7.75,Q,Third,man,True,C,Queenstown,no,True
468,0,1,M,28.0,0,0,221.7792,S,First,man,True,C,Southampton,no,True
469,0,3,M,39.0,0,0,7.925,S,Third,man,True,C,Southampton,no,True
470,0,2,M,23.0,2,1,11.5,S,Second,man,True,C,Southampton,no,False
471,1,2,F,2.0,1,1,26.0,S,Second,child,False,C,Southampton,yes,False
472,0,3,M,17.0,1,1,7.2292,C,Third,man,True,C,Cherbourg,no,False
473,1,3,F,28.0,0,2,22.3583,C,Third,woman,False,C,Cherbourg,yes,False
474,0,3,F,30.0,0,0,8.6625,S,Third,woman,False,C,Southampton,no,True
475,1,2,F,7.0,0,2,26.25,S,Second,child,False,C,Southampton,yes,False
476,0,1,M,45.0,0,0,26.55,S,First,man,True,B,Southampton,no,True
477,1,1,F,30.0,0,0,106.425,C,First,woman,False,C,Cherbourg,yes,True
478,0,3,M,28.0,0,0,14.5,S,Third,man,True,C,Southampton,no,True
479,1,1,F,22.0,0,2,49.5,C,First,woman,False,B,Cherbourg,yes,False
480,1,1,F,36.0,0,2,71.0,S,First,woman,False,B,Southampton,yes,False
481,0,3,F,9.0,4,2,31.275,S,Third,child,False,C,Southampton,no,False
482,0,3,F,11.0,4,2,31.275,S,Third,child,False,C,Southampton,no,False
483,1,2,M,32.0,1,0,26.0,S,Second,man,True,C,Southampton,yes,False
484,0,1,M,50.0,1,0,106.425,C,First,man,True,C,Cherbourg,no,False
485,0,1,M,64.0,0,0,26.0,S,First,man,True,C,Southampton,no,True
486,1,2,F,19.0,1,0,26.0,S,Second,woman,False,C,Southampton,yes,False
487,1,2,M,28.0,0,0,13.8625,C,Second,man,True,C,Cherbourg,yes,True
488,0,3,M,33.0,1,1,20.525,S,Third,man,True,C,Southampton,no,False
489,1,2,M,8.0,1,1,36.75,S,Second,child,False,C,Southampton,yes,False
490,1,1,M,17.0,0,2,110.8833,C,First,man,True,C,Cherbourg,yes,False
491,0,2,M,27.0,0,0,26.0,S,Second,man,True,C,Southampton,no,True
492,0,3,M,28.0,0,0,7.8292,Q,Third,man,True,C,Queenstown,no,True
493,1,3,M,22.0,0,0,7.225,C,Third,man,True,C,Cherbourg,yes,True
494,1,3,F,22.0,0,0,7.775,S,Third,woman,False,C,Southampton,yes,True
495,1,1,F,48.0,1,0,39.6,C,First,woman,False,A,Cherbourg,yes,False
496,0,1,M,28.0,0,0,227.525,C,First,man,True,C,Cherbourg,no,True
497,1,1,F,39.0,1,1,79.65,S,First,woman,False,E,Southampton,yes,False
498,1,3,F,36.0,1,0,17.4,S,Third,woman,False,C,Southampton,yes,False
499,0,3,M,40.0,0,0,7.8958,S,Third,man,True,C,Southampton,no,True
500,0,2,M,28.0,0,0,13.5,S,Second,man,True,C,Southampton,no,True
501,0,3,M,24.0,2,0,24.15,S,Third,man,True,C,Southampton,no,False
502,0,3,M,19.0,0,0,7.8958,S,Third,man,True,C,Southampton,no,True
503,0,3,F,29.0,0,4,21.075,S,Third,woman,False,C,Southampton,no,False
504,1,3,M,32.0,0,0,7.8542,S,Third,man,True,C,Southampton,yes,True
505,1,2,M,62.0,0,0,10.5,S,Second,man,True,C,Southampton,yes,True
506,1,1,F,53.0,2,0,51.4792,S,First,woman,False,C,Southampton,yes,False
507,1,1,M,36.0,0,0,26.3875,S,First,man,True,E,Southampton,yes,True
508,0,3,M,16.0,0,0,8.05,S,Third,man,True,C,Southampton,no,True
509,0,3,M,19.0,0,0,14.5,S,Third,man,True,C,Southampton,no,True
510,1,2,F,34.0,0,0,13.0,S,Second,woman,False,C,Southampton,yes,True
511,1,1,F,39.0,1,0,55.9,S,First,woman,False,E,Southampton,yes,False
512,0,3,F,28.0,1,0,14.4583,C,Third,woman,False,C,Cherbourg,no,False
513,1,3,M,32.0,0,0,7.925,S,Third,man,True,C,Southampton,yes,True
514,1,2,F,25.0,1,1,30.0,S,Second,woman,False,C,Southampton,yes,False
515,1,1,F,39.0,1,1,110.8833,C,First,woman,False,C,Cherbourg,yes,False
516,0,2,M,54.0,0,0,26.0,S,Second,man,True,C,Southampton,no,True
517,0,1,M,36.0,0,0,40.125,C,First,man,True,A,Cherbourg,no,True
518,0,3,M,28.0,0,0,8.7125,C,Third,man,True,C,Cherbourg,no,True
519,1,1,F,18.0,0,2,79.65,S,First,woman,False,E,Southampton,yes,False
520,0,2,M,47.0,0,0,15.0,S,Second,man,True,C,Southampton,no,True
521,1,1,M,60.0,1,1,79.2,C,First,man,True,B,Cherbourg,yes,False
522,0,3,M,35.0,0,0,7.125,S,Third,man,True,C,Southampton,no,True
523,1,1,F,52.0,1,0,78.2667,C,First,woman,False,D,Cherbourg,yes,False
524,0,3,M,47.0,0,0,7.25,S,Third,man,True,C,Southampton,no,True
525,0,3,F,28.0,0,2,7.75,Q,Third,woman,False,C,Queenstown,no,False
526,0,2,M,37.0,1,0,26.0,S,Second,man,True,C,Southampton,no,False
527,0,3,M,36.0,1,1,24.15,S,Third,man,True,C,Southampton,no,False
528,1,2,F,28.0,0,0,33.0,S,Second,woman,False,C,Southampton,yes,True
529,0,3,M,49.0,0,0,0.0,S,Third,man,True,C,Southampton,no,True
530,1,1,M,49.0,1,0,56.9292,C,First,man,True,A,Cherbourg,yes,False
531,1,2,F,24.0,2,1,27.0,S,Second,woman,False,C,Southampton,yes,False
532,0,1,M,28.0,0,0,42.4,S,First,man,True,C,Southampton,no,True
533,0,3,M,44.0,0,0,8.05,S,Third,man,True,C,Southampton,no,True
534,1,1,M,35.0,0,0,26.55,C,First,man,True,C,Cherbourg,yes,True
535,0,3,M,36.0,1,0,15.55,S,Third,man,True,C,Southampton,no,False
536,0,3,M,30.0,0,0,7.8958,S,Third,man,True,C,Southampton,no,True
537,1,1,M,27.0,0,0,30.5,S,First,man,True,C,Southampton,yes,True
538,1,2,F,22.0,1,2,41.5792,C,Second,woman,False,C,Cherbourg,yes,False
539,1,1,F,40.0,0,0,153.4625,S,First,woman,False,C,Southampton,yes,True
540,0,3,F,39.0,1,5,31.275,S,Third,woman,False,C,Southampton,no,False
541,0,3,M,28.0,0,0,7.05,S,Third,man,True,C,Southampton,no,True
542,1,2,F,24.0,1,2,65.0,S,Second,woman,False,C,Southampton,yes,False
543,0,3,M,34.0,1,1,14.4,S,Third,man,True,C,Southampton,no,False
544,0,3,F,26.0,1,0,16.1,S,Third,woman,False,C,Southampton,no,False
545,1,2,F,4.0,2,1,39.0,S,Second,child,False,F,Southampton,yes,False
546,0,2,M,26.0,0,0,10.5,S,Second,man,True,C,Southampton,no,True
547,0,3,M,27.0,1,0,14.4542,C,Third,man,True,C,Cherbourg,no,False
548,1,1,M,42.0,1,0,52.5542,S,First,man,True,D,Southampton,yes,False
549,1,3,M,20.0,1,1,15.7417,C,Third,man,True,C,Cherbourg,yes,False
550,0,3,M,21.0,0,0,7.8542,S,Third,man,True,C,Southampton,no,True
551,0,3,M,21.0,0,0,16.1,S,Third,man,True,C,Southampton,no,True
552,0,1,M,61.0,0,0,32.3208,S,First,man,True,D,Southampton,no,True
553,0,2,M,57.0,0,0,12.35,Q,Second,man,True,C,Queenstown,no,True
554,1,1,F,21.0,0,0,77.9583,S,First,woman,False,D,Southampton,yes,True
555,0,3,M,26.0,0,0,7.8958,S,Third,man,True,C,Southampton,no,True
556,0,3,M,28.0,0,0,7.7333,Q,Third,man,True,C,Queenstown,no,True
557,1,1,M,80.0,0,0,30.0,S,First,man,True,A,Southampton,yes,True
558,0,3,M,51.0,0,0,7.0542,S,Third,man,True,C,Southampton,no,True
559,1,1,M,32.0,0,0,30.5,C,First,man,True,B,Cherbourg,yes,True
560,0,1,M,28.0,0,0,0.0,S,First,man,True,C,Southampton,no,True
561,0,3,F,9.0,3,2,27.9,S,Third,child,False,C,Southampton,no,False
562,0,2,M,31.0,1,1,26.25,S,Second,man,True,C,Southampton,no,False
563,0,3,F,41.0,0,5,39.6875,S,Third,woman,False,C,Southampton,no,False
564,0,3,M,28.0,1,0,16.1,S,Third,man,True,C,Southampton,no,False
565,0,3,F,2.0,3,2,27.9,S,Third,child,False,C,Southampton,no,False
566,1,3,M,28.0,0,0,56.4958,S,Third,man,True,C,Southampton,yes,True
567,1,1,M,48.0,1,0,76.7292,C,First,man,True,D,Cherbourg,yes,False
568,1,1,M,56.0,0,0,35.5,C,First,man,True,A,Cherbourg,yes,True
569,0,3,M,28.0,0,0,7.55,S,Third,man,True,C,Southampton,no,True
570,1,3,F,23.0,0,0,7.55,S,Third,woman,False,C,Southampton,yes,True
571,1,2,F,18.0,0,1,23.0,S,Second,woman,False,C,Southampton,yes,False
572,0,3,M,21.0,0,0,8.4333,S,Third,man,True,C,Southampton,no,True
573,1,3,F,28.0,0,0,7.8292,Q,Third,woman,False,C,Queenstown,yes,True
574,0,3,F,18.0,0,0,6.75,Q,Third,woman,False,C,Queenstown,no,True
575,0,2,M,24.0,2,0,73.5,S,Second,man,True,C,Southampton,no,False
576,0,3,F,32.0,1,1,15.5,Q,Third,woman,False,C,Queenstown,no,False
577,0,2,M,23.0,0,0,13.0,S,Second,man,True,C,Southampton,no,True
578,0,1,M,58.0,0,2,113.275,C,First,man,True,D,Cherbourg,no,False
579,1,1,M,50.0,2,0,133.65,S,First,man,True,C,Southampton,yes,False
580,0,3,M,40.0,0,0,7.225,C,Third,man,True,C,Cherbourg,no,True
581,0,1,M,47.0,0,0,25.5875,S,First,man,True,E,Southampton,no,True
582,0,3,M,36.0,0,0,7.4958,S,Third,man,True,C,Southampton,no,True
583,1,3,M,20.0,1,0,7.925,S,Third,man,True,C,Southampton,yes,False
584,0,2,M,32.0,2,0,73.5,S,Second,man,True,C,Southampton,no,False
585,0,3,M,28.0,0,0,7.775,S,Third,man,True,C,Southampton,no,True
586,0,3,M,43.0,0,0,8.05,S,Third,man,True,C,Southampton,no,True
587,1,1,F,28.0,1,0,52.0,S,First,woman,False,C,Southampton,yes,False
588,1,2,F,40.0,1,1,39.0,S,Second,woman,False,C,Southampton,yes,False
589,0,1,M,31.0,1,0,52.0,S,First,man,True,B,Southampton,no,False
590,0,2,M,70.0,0,0,10.5,S,Second,man,True,C,Southampton,no,True
591,1,2,M,31.0,0,0,13.0,S,Second,man,True,C,Southampton,yes,True
592,0,3,M,18.0,0,0,7.775,S,Third,man,True,C,Southampton,no,True
593,1,3,F,18.0,0,0,9.8417,S,Third,woman,False,C,Southampton,yes,True
594,0,3,F,43.0,1,6,46.9,S,Third,woman,False,C,Southampton,no,False
595,1,1,M,36.0,0,1,512.3292,C,First,man,True,B,Cherbourg,yes,False
596,0,3,F,28.0,0,0,8.1375,Q,Third,woman,False,C,Queenstown,no,True
597,1,1,M,27.0,0,0,76.7292,C,First,man,True,D,Cherbourg,yes,True
598,0,3,M,20.0,0,0,9.225,S,Third,man,True,C,Southampton,no,True
599,0,3,M,14.0,5,2,46.9,S,Third,child,False,C,Southampton,no,False
600,0,2,M,60.0,1,1,39.0,S,Second,man,True,C,Southampton,no,False
601,0,2,M,25.0,1,2,41.5792,C,Second,man,True,C,Cherbourg,no,False
602,0,3,M,14.0,4,1,39.6875,S,Third,child,False,C,Southampton,no,False
603,0,3,M,19.0,0,0,10.1708,S,Third,man,True,C,Southampton,no,True
604,0,3,M,18.0,0,0,7.7958,S,Third,man,True,C,Southampton,no,True
605,1,1,F,15.0,0,1,211.3375,S,First,child,False,B,Southampton,yes,False
606,1,1,M,31.0,1,0,57.0,S,First,man,True,B,Southampton,yes,False
607,1,3,F,4.0,0,1,13.4167,C,Third,child,False,C,Cherbourg,yes,False
608,0,3,M,25.0,0,0,7.225,C,Third,man,True,C,Cherbourg,no,True
609,0,1,M,60.0,0,0,26.55,S,First,man,True,C,Southampton,no,True
610,0,2,M,52.0,0,0,13.5,S,Second,man,True,C,Southampton,no,True
611,1,3,F,28.0,0,0,7.7333,Q,Third,woman,False,C,Queenstown,yes,True
612,0,1,M,49.0,1,1,110.8833,C,First,man,True,C,Cherbourg,no,False
613,0,3,M,42.0,0,0,7.65,S,Third,man,True,F,Southampton,no,True
614,1,1,F,18.0,1,0,227.525,C,First,woman,False,C,Cherbourg,yes,False
615,1,1,M,35.0,0,0,26.2875,S,First,man,True,E,Southampton,yes,True
616,0,3,F,18.0,0,1,14.4542,C,Third,woman,False,C,Cherbourg,no,False
617,0,3,M,25.0,0,0,7.7417,Q,Third,man,True,C,Queenstown,no,True
618,0,3,M,26.0,1,0,7.8542,S,Third,man,True,C,Southampton,no,False
619,0,2,M,39.0,0,0,26.0,S,Second,man,True,C,Southampton,no,True
620,1,2,F,45.0,0,0,13.5,S,Second,woman,False,C,Southampton,yes,True
621,1,1,M,42.0,0,0,26.2875,S,First,man,True,E,Southampton,yes,True
622,1,1,F,22.0,0,0,151.55,S,First,woman,False,C,Southampton,yes,True
623,1,1,F,24.0,0,0,49.5042,C,First,woman,False,C,Cherbourg,yes,True
624,0,1,M,28.0,0,0,26.55,S,First,man,True,C,Southampton,no,True
625,1,1,M,48.0,1,0,52.0,S,First,man,True,C,Southampton,yes,False
626,0,3,M,29.0,0,0,9.4833,S,Third,man,True,C,Southampton,no,True
627,0,2,M,52.0,0,0,13.0,S,Second,man,True,C,Southampton,no,True
628,0,3,M,19.0,0,0,7.65,S,Third,man,True,F,Southampton,no,True
629,1,1,F,38.0,0,0,227.525,C,First,woman,False,C,Cherbourg,yes,True
630,1,2,F,27.0,0,0,10.5,S,Second,woman,False,E,Southampton,yes,True
631,0,3,M,28.0,0,0,15.5,Q,Third,man,True,C,Queenstown,no,True
632,0,3,M,33.0,0,0,7.775,S,Third,man,True,C,Southampton,no,True
633,1,2,F,6.0,0,1,33.0,S,Second,child,False,C,Southampton,yes,False
634,0,3,M,17.0,1,0,7.0542,S,Third,man,True,C,Southampton,no,False
635,0,2,M,34.0,0,0,13.0,S,Second,man,True,C,Southampton,no,True
636,0,2,M,50.0,0,0,13.0,S,Second,man,True,C,Southampton,no,True
637,1,1,M,27.0,1,0,53.1,S,First,man,True,E,Southampton,yes,False
638,0,3,M,20.0,0,0,8.6625,S,Third,man,True,C,Southampton,no,True
639,1,2,F,30.0,3,0,21.0,S,Second,woman,False,C,Southampton,yes,False
640,1,3,F,28.0,0,0,7.7375,Q,Third,woman,False,C,Queenstown,yes,True
641,0,2,M,25.0,1,0,26.0,S,Second,man,True,C,Southampton,no,False
642,0,3,F,25.0,1,0,7.925,S,Third,woman,False,C,Southampton,no,False
643,1,1,F,29.0,0,0,211.3375,S,First,woman,False,B,Southampton,yes,True
644,0,3,M,11.0,0,0,18.7875,C,Third,child,False,C,Cherbourg,no,True
645,0,3,M,28.0,0,0,16.1,S,Third,man,True,C,Southampton,no,True
646,0,3,F,48.0,1,3,34.375,S,Third,woman,False,C,Southampton,no,False
647,1,1,M,35.0,0,0,512.3292,C,First,man,True,B,Cherbourg,yes,True
648,1,1,M,28.0,0,0,30.0,S,First,man,True,D,Southampton,yes,True
649,0,1,M,36.0,1,0,78.85,S,First,man,True,C,Southampton,no,False
650,1,1,F,21.0,2,2,262.375,C,First,woman,False,B,Cherbourg,yes,False
651,0,3,M,24.0,1,0,16.1,S,Third,man,True,C,Southampton,no,False
652,1,3,M,31.0,0,0,7.925,S,Third,man,True,C,Southampton,yes,True
653,0,1,M,70.0,1,1,71.0,S,First,man,True,B,Southampton,no,False
654,0,3,M,16.0,1,1,20.25,S,Third,man,True,C,Southampton,no,False
655,1,2,F,30.0,0,0,13.0,S,Second,woman,False,C,Southampton,yes,True
656,0,1,M,19.0,1,0,53.1,S,First,man,True,D,Southampton,no,False
657,0,3,M,31.0,0,0,7.75,Q,Third,man,True,C,Queenstown,no,True
658,1,2,F,4.0,1,1,23.0,S,Second,child,False,C,Southampton,yes,False
659,1,3,M,6.0,0,1,12.475,S,Third,child,False,E,Southampton,yes,False
660,0,3,M,33.0,0,0,9.5,S,Third,man,True,C,Southampton,no,True
661,0,3,M,23.0,0,0,7.8958,S,Third,man,True,C,Southampton,no,True
662,1,2,F,48.0,1,2,65.0,S,Second,woman,False,C,Southampton,yes,False
663,1,2,M,1.0,1,1,14.5,S,Second,child,False,C,Southampton,yes,False
664,0,3,M,28.0,0,0,7.7958,S,Third,man,True,C,Southampton,no,True
665,1,1,F,33.0,0,0,86.5,S,First,woman,False,B,Southampton,yes,True
666,0,3,M,41.0,0,0,7.125,S,Third,man,True,C,Southampton,no,True
667,1,3,M,20.0,0,0,7.2292,C,Third,man,True,C,Cherbourg,yes,True
668,1,1,F,36.0,1,2,120.0,S,First,woman,False,B,Southampton,yes,False
669,0,3,M,16.0,0,0,7.775,S,Third,man,True,C,Southampton,no,True
670,1,1,F,51.0,1,0,77.9583,S,First,woman,False,D,Southampton,yes,False
671,0,1,M,28.0,0,0,39.6,C,First,man,True,C,Cherbourg,no,True
672,0,3,F,30.0,0,0,7.75,Q,Third,woman,False,C,Queenstown,no,True
673,0,3,M,28.0,1,0,24.15,Q,Third,man,True,C,Queenstown,no,False
674,0,3,M,32.0,0,0,8.3625,S,Third,man,True,C,Southampton,no,True
675,0,3,M,24.0,0,0,9.5,S,Third,man,True,C,Southampton,no,True
676,0,3,M,48.0,0,0,7.8542,S,Third,man,True,C,Southampton,no,True
677,0,2,F,57.0,0,0,10.5,S,Second,woman,False,E,Southampton,no,True
678,1,2,F,54.0,1,3,23.0,S,Second,woman,False,C,Southampton,yes,False
679,0,3,M,18.0,0,0,7.75,S,Third,man,True,C,Southampton,no,True
680,0,3,M,28.0,0,0,7.75,Q,Third,man,True,F,Queenstown,no,True
681,1,3,F,5.0,0,0,12.475,S,Third,child,False,C,Southampton,yes,True
682,0,3,M,28.0,0,0,7.7375,Q,Third,man,True,C,Queenstown,no,True
683,1,1,F,43.0,0,1,211.3375,S,First,woman,False,B,Southampton,yes,False
684,1,3,F,13.0,0,0,7.2292,C,Third,child,False,C,Cherbourg,yes,True
685,1,1,F,17.0,1,0,57.0,S,First,woman,False,B,Southampton,yes,False
686,0,1,M,29.0,0,0,30.0,S,First,man,True,D,Southampton,no,True
687,0,3,M,28.0,1,2,23.45,S,Third,man,True,C,Southampton,no,False
688,0,3,M,25.0,0,0,7.05,S,Third,man,True,C,Southampton,no,True
689,0,3,M,25.0,0,0,7.25,S,Third,man,True,C,Southampton,no,True
690,1,3,F,18.0,0,0,7.4958,S,Third,woman,False,C,Southampton,yes,True
691,0,3,M,8.0,4,1,29.125,Q,Third,child,False,C,Queenstown,no,False
692,1,3,M,1.0,1,2,20.575,S,Third,child,False,C,Southampton,yes,False
693,0,1,M,46.0,0,0,79.2,C,First,man,True,B,Cherbourg,no,True
694,0,2,M,16.0,0,0,26.0,S,Second,man,True,C,Southampton,no,True
695,0,1,M,28.0,0,0,30.6958,C,First,man,True,C,Cherbourg,no,True
696,0,3,M,25.0,0,0,7.8958,S,Third,man,True,C,Southampton,no,True
697,0,2,M,39.0,0,0,13.0,S,Second,man,True,C,Southampton,no,True
698,1,1,F,49.0,0,0,25.9292,S,First,woman,False,D,Southampton,yes,True
699,1,3,F,31.0,0,0,8.6833,S,Third,woman,False,C,Southampton,yes,True
700,0,3,M,30.0,0,0,7.2292,C,Third,man,True,C,Cherbourg,no,True
701,0,3,F,30.0,1,1,24.15,S,Third,woman,False,C,Southampton,no,False
702,1,2,F,31.0,1,1,26.25,S,Second,woman,False,C,Southampton,yes,False
703,1,1,M,11.0,1,2,120.0,S,First,child,False,B,Southampton,yes,False
704,1,3,M,0.0,0,1,8.5167,C,Third,child,False,C,Cherbourg,yes,False
705,1,3,M,27.0,0,0,6.975,S,Third,man,True,C,Southampton,yes,True
706,0,3,M,31.0,0,0,7.775,S,Third,man,True,C,Southampton,no,True
707,0,1,M,39.0,0,0,0.0,S,First,man,True,A,Southampton,no,True
708,0,3,F,18.0,0,0,7.775,S,Third,woman,False,C,Southampton,no,True
709,1,1,F,33.0,1,0,53.1,S,First,woman,False,E,Southampton,yes,False
710,0,3,M,26.0,0,0,7.8875,S,Third,man,True,C,Southampton,no,True
711,0,3,M,39.0,0,0,24.15,S,Third,man,True,C,Southampton,no,True
712,0,2,M,35.0,0,0,10.5,S,Second,man,True,C,Southampton,no,True
713,0,3,F,6.0,4,2,31.275,S,Third,child,False,C,Southampton,no,False
714,0,1,M,28.0,0,0,0.0,S,First,man,True,B,Southampton,no,True
715,0,3,F,23.0,0,0,7.925,S,Third,woman,False,C,Southampton,no,True
716,0,2,M,31.0,1,1,37.0042,C,Second,man,True,C,Cherbourg,no,False
717,0,3,M,43.0,0,0,6.45,S,Third,man,True,C,Southampton,no,True
718,0,3,M,10.0,3,2,27.9,S,Third,child,False,C,Southampton,no,False
719,1,1,F,52.0,1,1,93.5,S,First,woman,False,B,Southampton,yes,False
720,1,3,M,27.0,0,0,8.6625,S,Third,man,True,C,Southampton,yes,True
721,0,1,M,38.0,0,0,0.0,S,First,man,True,C,Southampton,no,True
722,1,3,F,27.0,0,1,12.475,S,Third,woman,False,E,Southampton,yes,False
723,0,3,M,2.0,4,1,39.6875,S,Third,child,False,C,Southampton,no,False
724,0,3,M,28.0,0,0,6.95,Q,Third,man,True,C,Queenstown,no,True
725,1,2,M,1.0,0,2,37.0042,C,Second,child,False,C,Cherbourg,yes,False
726,1,3,M,28.0,0,0,7.75,Q,Third,man,True,C,Queenstown,yes,True
727,1,1,F,62.0,0,0,80.0,S,First,woman,False,B,Southampton,yes,True
728,1,3,F,15.0,1,0,14.4542,C,Third,child,False,C,Cherbourg,yes,False
729,1,2,M,1.0,1,1,18.75,S,Second,child,False,C,Southampton,yes,False
730,0,3,M,23.0,0,0,7.8542,S,Third,man,True,C,Southampton,no,True
731,0,3,M,18.0,0,0,8.3,S,Third,man,True,C,Southampton,no,True
732,1,1,F,39.0,1,1,83.1583,C,First,woman,False,E,Cherbourg,yes,False
733,0,3,M,21.0,0,0,8.6625,S,Third,man,True,C,Southampton,no,True
734,1,1,M,28.0,0,0,29.7,C,First,man,True,C,Cherbourg,yes,True
735,0,3,M,20.0,0,0,7.925,S,Third,man,True,C,Southampton,no,True
736,0,2,M,16.0,0,0,10.5,S,Second,man,True,C,Southampton,no,True
737,1,1,F,30.0,0,0,31.0,C,First,woman,False,C,Cherbourg,yes,True
738,0,3,M,34.0,0,0,6.4375,C,Third,man,True,C,Cherbourg,no,True
739,0,3,M,42.0,0,0,7.55,S,Third,man,True,C,Southampton,no,True
740,0,3,M,35.0,0,0,7.8958,C,Third,man,True,C,Cherbourg,no,True
741,0,2,M,28.0,0,1,33.0,S,Second,man,True,C,Southampton,no,False
742,1,1,F,28.0,1,0,89.1042,C,First,woman,False,C,Cherbourg,yes,False
743,0,3,M,4.0,4,2,31.275,S,Third,child,False,C,Southampton,no,False
744,0,3,M,74.0,0,0,7.775,S,Third,man,True,C,Southampton,no,True
745,0,3,F,9.0,1,1,15.2458,C,Third,child,False,C,Cherbourg,no,False
746,1,1,F,16.0,0,1,39.4,S,First,woman,False,D,Southampton,yes,False
747,0,2,F,44.0,1,0,26.0,S,Second,woman,False,C,Southampton,no,False
748,1,3,F,18.0,0,1,9.35,S,Third,woman,False,C,Southampton,yes,False
749,1,1,F,45.0,1,1,164.8667,S,First,woman,False,C,Southampton,yes,False
750,1,1,M,51.0,0,0,26.55,S,First,man,True,E,Southampton,yes,True
751,1,3,F,24.0,0,3,19.2583,C,Third,woman,False,C,Cherbourg,yes,False
752,0,3,M,41.0,2,0,14.1083,S,Third,man,True,C,Southampton,no,False
753,0,2,M,21.0,1,0,11.5,S,Second,man,True,C,Southampton,no,False
754,1,1,F,48.0,0,0,25.9292,S,First,woman,False,D,Southampton,yes,True
755,0,2,M,24.0,0,0,13.0,S,Second,man,True,C,Southampton,no,True
756,1,2,F,42.0,0,0,13.0,S,Second,woman,False,C,Southampton,yes,True
757,1,2,F,27.0,1,0,13.8583,C,Second,woman,False,C,Cherbourg,yes,False
758,0,1,M,31.0,0,0,50.4958,S,First,man,True,A,Southampton,no,True
759,1,3,M,4.0,1,1,11.1333,S,Third,child,False,C,Southampton,yes,False
760,1,1,F,47.0,1,1,52.5542,S,First,woman,False,D,Southampton,yes,False
761,0,1,M,33.0,0,0,5.0,S,First,man,True,B,Southampton,no,True
762,0,3,M,47.0,0,0,9.0,S,Third,man,True,C,Southampton,no,True
763,1,2,F,28.0,1,0,24.0,C,Second,woman,False,C,Cherbourg,yes,False
764,1,3,F,15.0,0,0,7.225,C,Third,child,False,C,Cherbourg,yes,True
765,0,3,M,20.0,0,0,9.8458,S,Third,man,True,C,Southampton,no,True
766,1,1,F,56.0,0,1,83.1583,C,First,woman,False,C,Cherbourg,yes,False
767,1,2,F,25.0,0,1,26.0,S,Second,woman,False,C,Southampton,yes,False
768,0,3,M,33.0,0,0,7.8958,S,Third,man,True,C,Southampton,no,True
769,0,3,F,22.0,0,0,10.5167,S,Third,woman,False,C,Southampton,no,True
770,0,2,M,28.0,0,0,10.5,S,Second,man,True,C,Southampton,no,True
771,0,3,F,39.0,0,5,29.125,Q,Third,woman,False,C,Queenstown,no,False
772,1,1,F,19.0,0,0,30.0,S,First,woman,False,B,Southampton,yes,True
773,0,3,F,28.0,1,2,23.45,S,Third,woman,False,C,Southampton,no,False
774,1,1,M,26.0,0,0,30.0,C,First,man,True,C,Cherbourg,yes,True
775,0,3,M,32.0,0,0,7.75,Q,Third,man,True,C,Queenstown,no,True
